run_dir,method,method_display_name,num_qubits,h,j,ansatz,reps,entanglement,iterations,learning_rate,shots,seed,final_energy,best_energy,final_absolute_error,best_absolute_error,final_relative_error,best_relative_error,best_step,exact_ground_energy,nominal_total_quantum_evals,elapsed_s,git_commit,started_utc,finished_utc
results/revision/revision_fd_natural_20260601_cluster/revision_fd_natural_20260601_cluster__method-qnbda_fd__ansatz-RealAmplitudes__n-10__h-2p0__seed-0,qnbda_fd,QN-BDA+FD,10,2.0,1.0,RealAmplitudes,2,reverse_linear,500,0.01,,0,-20.627742122519393,-20.627742122519393,0.6434666961765103,0.6434666961765103,0.03025059373263959,0.03025059373263959,500,-21.271208818695904,31500,139.81075382232666,ff8977fd9f29a19d18903c3ce52d1a010a064d6b,2026-06-01T00:06:02.586050+00:00,2026-06-01T00:08:22.396893+00:00
results/revision/revision_fd_natural_20260601_cluster/revision_fd_natural_20260601_cluster__method-qnbda_fd__ansatz-RealAmplitudes__n-11__h-2p0__seed-0,qnbda_fd,QN-BDA+FD,11,2.0,1.0,RealAmplitudes,2,reverse_linear,500,0.01,,0,-22.49979244848751,-22.49979244848751,0.8983366168358842,0.8983366168358842,0.03839352344488266,0.03839352344488266,500,-23.398129065323396,34500,173.8286349773407,ff8977fd9f29a19d18903c3ce52d1a010a064d6b,2026-06-01T00:06:06.599263+00:00,2026-06-01T00:09:00.428036+00:00
results/revision/revision_fd_natural_20260601_cluster/revision_fd_natural_20260601_cluster__method-qnbda_fd__ansatz-RealAmplitudes__n-12__h-2p0__seed-0,qnbda_fd,QN-BDA+FD,12,2.0,1.0,RealAmplitudes,2,reverse_linear,500,0.01,,0,-24.59823471663891,-24.59823471663891,0.9269035854091108,0.9269035854091108,0.03631336192739611,0.03631336192739611,500,-25.52513830204802,37500,211.4988923072815,ff8977fd9f29a19d18903c3ce52d1a010a064d6b,2026-06-01T00:06:17.021002+00:00,2026-06-01T00:09:48.519955+00:00
results/revision/revision_fd_natural_20260601_cluster/revision_fd_natural_20260601_cluster__method-qnbda_fd__ansatz-RealAmplitudes__n-6__h-2p0__seed-0,qnbda_fd,QN-BDA+FD,6,2.0,1.0,RealAmplitudes,2,reverse_linear,500,0.01,,0,-12.603776715811609,-12.603776715811609,0.16561241139572047,0.16561241139572047,0.012969485834123058,0.012969485834123058,500,-12.76938912720733,19500,66.63021421432495,ff8977fd9f29a19d18903c3ce52d1a010a064d6b,2026-06-01T00:06:01.624478+00:00,2026-06-01T00:07:08.254754+00:00
results/revision/revision_fd_natural_20260601_cluster/revision_fd_natural_20260601_cluster__method-qnbda_fd__ansatz-RealAmplitudes__n-7__h-2p0__seed-0,qnbda_fd,QN-BDA+FD,7,2.0,1.0,RealAmplitudes,2,reverse_linear,500,0.01,,0,-14.743535240325341,-14.743535240325341,0.14922405937912764,0.14922405937912764,0.010019906746366929,0.010019906746366929,500,-14.892759299704469,22500,78.00522899627686,ff8977fd9f29a19d18903c3ce52d1a010a064d6b,2026-06-01T00:06:01.554082+00:00,2026-06-01T00:07:19.559358+00:00
results/revision/revision_fd_natural_20260601_cluster/revision_fd_natural_20260601_cluster__method-qnbda_fd__ansatz-RealAmplitudes__n-8__h-2p0__seed-0,qnbda_fd,QN-BDA+FD,8,2.0,1.0,RealAmplitudes,2,reverse_linear,500,0.01,,0,-16.857470533837393,-16.857470533837393,0.16069393644314545,0.16069393644314545,0.009442495207034303,0.009442495207034303,500,-17.01816447028054,25500,93.19739890098572,ff8977fd9f29a19d18903c3ce52d1a010a064d6b,2026-06-01T00:06:01.650245+00:00,2026-06-01T00:07:34.847697+00:00
results/revision/revision_fd_natural_20260601_cluster/revision_fd_natural_20260601_cluster__method-qnbda_fd__ansatz-RealAmplitudes__n-9__h-2p0__seed-0,qnbda_fd,QN-BDA+FD,9,2.0,1.0,RealAmplitudes,2,reverse_linear,500,0.01,,0,-18.75560252681935,-18.75560252681935,0.3888770450600987,0.3888770450600987,0.02031275092122663,0.02031275092122663,500,-19.144479571879447,28500,114.31851291656494,ff8977fd9f29a19d18903c3ce52d1a010a064d6b,2026-06-01T00:06:01.645235+00:00,2026-06-01T00:07:55.963800+00:00
results/revision/revision_fd_natural_20260601_cluster/revision_fd_natural_20260601_cluster__method-qnspsa_fd__ansatz-RealAmplitudes__n-10__h-2p0__seed-0,qnspsa_fd,QN-SPSA+FD,10,2.0,1.0,RealAmplitudes,2,reverse_linear,500,0.01,,0,-21.11618270418625,-21.11618270418625,0.15502611450965276,0.15502611450965276,0.007288072616418285,0.007288072616418285,500,-21.271208818695904,32000,211.8489043712616,ff8977fd9f29a19d18903c3ce52d1a010a064d6b,2026-06-01T00:11:54.415009+00:00,2026-06-01T00:15:26.263958+00:00
results/revision/revision_fd_natural_20260601_cluster/revision_fd_natural_20260601_cluster__method-qnspsa_fd__ansatz-RealAmplitudes__n-10__h-2p0__seed-1,qnspsa_fd,QN-SPSA+FD,10,2.0,1.0,RealAmplitudes,2,reverse_linear,500,0.01,,1,-21.114828502188722,-21.114828502188722,0.15638031650718176,0.15638031650718176,0.007351736229007089,0.007351736229007089,500,-21.271208818695904,32000,202.02885603904724,ff8977fd9f29a19d18903c3ce52d1a010a064d6b,2026-06-01T00:11:55.912956+00:00,2026-06-01T00:15:17.941873+00:00
results/revision/revision_fd_natural_20260601_cluster/revision_fd_natural_20260601_cluster__method-qnspsa_fd__ansatz-RealAmplitudes__n-10__h-2p0__seed-2,qnspsa_fd,QN-SPSA+FD,10,2.0,1.0,RealAmplitudes,2,reverse_linear,500,0.01,,2,-20.364671495809127,-20.364671495809127,0.906537322886777,0.906537322886777,0.04261804444747842,0.04261804444747842,500,-21.271208818695904,32000,204.06357765197754,ff8977fd9f29a19d18903c3ce52d1a010a064d6b,2026-06-01T00:12:15.525169+00:00,2026-06-01T00:15:39.588801+00:00
results/revision/revision_fd_natural_20260601_cluster/revision_fd_natural_20260601_cluster__method-qnspsa_fd__ansatz-RealAmplitudes__n-10__h-2p0__seed-3,qnspsa_fd,QN-SPSA+FD,10,2.0,1.0,RealAmplitudes,2,reverse_linear,500,0.01,,3,-21.120811600233058,-21.120811600233058,0.15039721846284593,0.15039721846284593,0.007070459405704169,0.007070459405704169,500,-21.271208818695904,32000,193.1828453540802,ff8977fd9f29a19d18903c3ce52d1a010a064d6b,2026-06-01T00:13:11.548089+00:00,2026-06-01T00:16:24.730982+00:00
results/revision/revision_fd_natural_20260601_cluster/revision_fd_natural_20260601_cluster__method-qnspsa_fd__ansatz-RealAmplitudes__n-10__h-2p0__seed-4,qnspsa_fd,QN-SPSA+FD,10,2.0,1.0,RealAmplitudes,2,reverse_linear,500,0.01,,4,-21.13824829523926,-21.13824829523926,0.13296052345664222,0.13296052345664222,0.006250727196085782,0.006250727196085782,500,-21.271208818695904,32000,194.05712246894836,ff8977fd9f29a19d18903c3ce52d1a010a064d6b,2026-06-01T00:13:21.290524+00:00,2026-06-01T00:16:35.347697+00:00
results/revision/revision_fd_natural_20260601_cluster/revision_fd_natural_20260601_cluster__method-qnspsa_fd__ansatz-RealAmplitudes__n-10__h-2p0__seed-5,qnspsa_fd,QN-SPSA+FD,10,2.0,1.0,RealAmplitudes,2,reverse_linear,500,0.01,,5,-21.132855332198005,-21.132855332198005,0.13835348649789836,0.13835348649789836,0.006504260650024522,0.006504260650024522,500,-21.271208818695904,32000,213.1183545589447,ff8977fd9f29a19d18903c3ce52d1a010a064d6b,2026-06-01T00:13:28.461836+00:00,2026-06-01T00:17:01.580263+00:00
results/revision/revision_fd_natural_20260601_cluster/revision_fd_natural_20260601_cluster__method-qnspsa_fd__ansatz-RealAmplitudes__n-10__h-2p0__seed-6,qnspsa_fd,QN-SPSA+FD,10,2.0,1.0,RealAmplitudes,2,reverse_linear,500,0.01,,6,-21.12759384408069,-21.12759384408069,0.14361497461521466,0.14361497461521466,0.006751613217627159,0.006751613217627159,500,-21.271208818695904,32000,189.78782057762146,ff8977fd9f29a19d18903c3ce52d1a010a064d6b,2026-06-01T00:13:57.780371+00:00,2026-06-01T00:17:07.568247+00:00
results/revision/revision_fd_natural_20260601_cluster/revision_fd_natural_20260601_cluster__method-qnspsa_fd__ansatz-RealAmplitudes__n-11__h-2p0__seed-0,qnspsa_fd,QN-SPSA+FD,11,2.0,1.0,RealAmplitudes,2,reverse_linear,500,0.01,,0,-23.235603334033975,-23.235603334033975,0.1625257312894206,0.1625257312894206,0.006946099443920401,0.006946099443920401,500,-23.398129065323396,35000,275.9247124195099,ff8977fd9f29a19d18903c3ce52d1a010a064d6b,2026-06-01T00:13:59.323157+00:00,2026-06-01T00:18:35.248060+00:00
results/revision/revision_fd_natural_20260601_cluster/revision_fd_natural_20260601_cluster__method-qnspsa_fd__ansatz-RealAmplitudes__n-11__h-2p0__seed-1,qnspsa_fd,QN-SPSA+FD,11,2.0,1.0,RealAmplitudes,2,reverse_linear,500,0.01,,1,-22.11836253401656,-22.11836253401656,1.2797665313068372,1.2797665313068372,0.054695250536226966,0.054695250536226966,500,-23.398129065323396,35000,313.9905252456665,ff8977fd9f29a19d18903c3ce52d1a010a064d6b,2026-06-01T00:14:16.088117+00:00,2026-06-01T00:19:30.079137+00:00
results/revision/revision_fd_natural_20260601_cluster/revision_fd_natural_20260601_cluster__method-qnspsa_fd__ansatz-RealAmplitudes__n-11__h-2p0__seed-2,qnspsa_fd,QN-SPSA+FD,11,2.0,1.0,RealAmplitudes,2,reverse_linear,500,0.01,,2,-23.265090089206332,-23.265090089206332,0.1330389761170636,0.1330389761170636,0.0056858809414052965,0.0056858809414052965,500,-23.398129065323396,35000,301.008348941803,ff8977fd9f29a19d18903c3ce52d1a010a064d6b,2026-06-01T00:14:18.633082+00:00,2026-06-01T00:19:19.641645+00:00
results/revision/revision_fd_natural_20260601_cluster/revision_fd_natural_20260601_cluster__method-qnspsa_fd__ansatz-RealAmplitudes__n-11__h-2p0__seed-3,qnspsa_fd,QN-SPSA+FD,11,2.0,1.0,RealAmplitudes,2,reverse_linear,500,0.01,,3,-23.237446730939872,-23.237446730939872,0.16068233438352308,0.16068233438352308,0.006867315499240419,0.006867315499240419,500,-23.398129065323396,35000,281.27423095703125,ff8977fd9f29a19d18903c3ce52d1a010a064d6b,2026-06-01T00:15:24.322782+00:00,2026-06-01T00:20:05.597213+00:00
results/revision/revision_fd_natural_20260601_cluster/revision_fd_natural_20260601_cluster__method-qnspsa_fd__ansatz-RealAmplitudes__n-11__h-2p0__seed-4,qnspsa_fd,QN-SPSA+FD,11,2.0,1.0,RealAmplitudes,2,reverse_linear,500,0.01,,4,-23.261314491647283,-23.261314491647283,0.13681457367611216,0.13681457367611216,0.005847244166153213,0.005847244166153213,500,-23.398129065323396,35000,284.5877707004547,ff8977fd9f29a19d18903c3ce52d1a010a064d6b,2026-06-01T00:15:32.884103+00:00,2026-06-01T00:20:17.472115+00:00
results/revision/revision_fd_natural_20260601_cluster/revision_fd_natural_20260601_cluster__method-qnspsa_fd__ansatz-RealAmplitudes__n-11__h-2p0__seed-5,qnspsa_fd,QN-SPSA+FD,11,2.0,1.0,RealAmplitudes,2,reverse_linear,500,0.01,,5,-23.20360966906766,-23.20360966906766,0.19451939625573544,0.19451939625573544,0.008313459410052489,0.008313459410052489,500,-23.398129065323396,35000,300.8111984729767,ff8977fd9f29a19d18903c3ce52d1a010a064d6b,2026-06-01T00:15:46.150088+00:00,2026-06-01T00:20:46.961526+00:00
results/revision/revision_fd_natural_20260601_cluster/revision_fd_natural_20260601_cluster__method-qnspsa_fd__ansatz-RealAmplitudes__n-11__h-2p0__seed-6,qnspsa_fd,QN-SPSA+FD,11,2.0,1.0,RealAmplitudes,2,reverse_linear,500,0.01,,6,-22.83477878876478,-22.83477878876478,0.5633502765586158,0.5633502765586158,0.02407672318525308,0.02407672318525308,500,-23.398129065323396,35000,281.31139874458313,ff8977fd9f29a19d18903c3ce52d1a010a064d6b,2026-06-01T00:16:29.995412+00:00,2026-06-01T00:21:11.307063+00:00
results/revision/revision_fd_natural_20260601_cluster/revision_fd_natural_20260601_cluster__method-qnspsa_fd__ansatz-RealAmplitudes__n-12__h-2p0__seed-0,qnspsa_fd,QN-SPSA+FD,12,2.0,1.0,RealAmplitudes,2,reverse_linear,500,0.01,,0,-25.370707485933085,-25.370707485933085,0.15443081611493525,0.15443081611493525,0.006050146106457901,0.006050146106457901,500,-25.52513830204802,38000,451.89028763771057,ff8977fd9f29a19d18903c3ce52d1a010a064d6b,2026-06-01T00:16:51.346340+00:00,2026-06-01T00:24:23.236857+00:00
results/revision/revision_fd_natural_20260601_cluster/revision_fd_natural_20260601_cluster__method-qnspsa_fd__ansatz-RealAmplitudes__n-12__h-2p0__seed-1,qnspsa_fd,QN-SPSA+FD,12,2.0,1.0,RealAmplitudes,2,reverse_linear,500,0.01,,1,-25.387528304969322,-25.387528304969322,0.13760999707869814,0.13760999707869814,0.00539115578729918,0.00539115578729918,500,-25.52513830204802,38000,400.97104024887085,ff8977fd9f29a19d18903c3ce52d1a010a064d6b,2026-06-01T00:17:29.484158+00:00,2026-06-01T00:24:10.455481+00:00
results/revision/revision_fd_natural_20260601_cluster/revision_fd_natural_20260601_cluster__method-qnspsa_fd__ansatz-RealAmplitudes__n-12__h-2p0__seed-2,qnspsa_fd,QN-SPSA+FD,12,2.0,1.0,RealAmplitudes,2,reverse_linear,500,0.01,,2,-25.376772622623662,-25.376772622623662,0.14836567942435863,0.14836567942435863,0.005812531852665983,0.005812531852665983,500,-25.52513830204802,38000,439.851261138916,ff8977fd9f29a19d18903c3ce52d1a010a064d6b,2026-06-01T00:17:31.686328+00:00,2026-06-01T00:24:51.537868+00:00
results/revision/revision_fd_natural_20260601_cluster/revision_fd_natural_20260601_cluster__method-qnspsa_fd__ansatz-RealAmplitudes__n-12__h-2p0__seed-3,qnspsa_fd,QN-SPSA+FD,12,2.0,1.0,RealAmplitudes,2,reverse_linear,500,0.01,,3,-25.380630053722165,-25.380630053722165,0.14450824832585596,0.14450824832585596,0.0056614090241486085,0.0056614090241486085,500,-25.52513830204802,38000,430.73750591278076,ff8977fd9f29a19d18903c3ce52d1a010a064d6b,2026-06-01T00:18:51.976458+00:00,2026-06-01T00:26:02.714256+00:00
results/revision/revision_fd_natural_20260601_cluster/revision_fd_natural_20260601_cluster__method-qnspsa_fd__ansatz-RealAmplitudes__n-12__h-2p0__seed-4,qnspsa_fd,QN-SPSA+FD,12,2.0,1.0,RealAmplitudes,2,reverse_linear,500,0.01,,4,-25.37756723231214,-25.37756723231214,0.14757106973588208,0.14757106973588208,0.0057814013773254125,0.0057814013773254125,500,-25.52513830204802,38000,402.06772446632385,ff8977fd9f29a19d18903c3ce52d1a010a064d6b,2026-06-01T00:19:35.702295+00:00,2026-06-01T00:26:17.770237+00:00
results/revision/revision_fd_natural_20260601_cluster/revision_fd_natural_20260601_cluster__method-qnspsa_fd__ansatz-RealAmplitudes__n-12__h-2p0__seed-5,qnspsa_fd,QN-SPSA+FD,12,2.0,1.0,RealAmplitudes,2,reverse_linear,500,0.01,,5,-25.38093622662713,-25.38093622662713,0.14420207542088903,0.14420207542088903,0.005649414068378189,0.005649414068378189,500,-25.52513830204802,38000,393.51179480552673,ff8977fd9f29a19d18903c3ce52d1a010a064d6b,2026-06-01T00:19:50.296075+00:00,2026-06-01T00:26:23.808170+00:00
results/revision/revision_fd_natural_20260601_cluster/revision_fd_natural_20260601_cluster__method-qnspsa_fd__ansatz-RealAmplitudes__n-12__h-2p0__seed-6,qnspsa_fd,QN-SPSA+FD,12,2.0,1.0,RealAmplitudes,2,reverse_linear,500,0.01,,6,-25.210130714624263,-25.210130714624263,0.31500758742375723,0.31500758742375723,0.012341072698457523,0.012341072698457523,500,-25.52513830204802,38000,371.3484435081482,ff8977fd9f29a19d18903c3ce52d1a010a064d6b,2026-06-01T00:20:22.634694+00:00,2026-06-01T00:26:33.983366+00:00
results/revision/revision_fd_natural_20260601_cluster/revision_fd_natural_20260601_cluster__method-qnspsa_fd__ansatz-RealAmplitudes__n-6__h-2p0__seed-0,qnspsa_fd,QN-SPSA+FD,6,2.0,1.0,RealAmplitudes,2,reverse_linear,500,0.01,,0,-12.60667314882732,-12.60667314882732,0.16271597838001028,0.16271597838001028,0.012742659555523807,0.012742659555523807,500,-12.76938912720733,20000,91.61531138420105,ff8977fd9f29a19d18903c3ce52d1a010a064d6b,2026-06-01T00:06:01.625014+00:00,2026-06-01T00:07:33.240377+00:00
results/revision/revision_fd_natural_20260601_cluster/revision_fd_natural_20260601_cluster__method-qnspsa_fd__ansatz-RealAmplitudes__n-6__h-2p0__seed-1,qnspsa_fd,QN-SPSA+FD,6,2.0,1.0,RealAmplitudes,2,reverse_linear,500,0.01,,1,-12.63067828710335,-12.63067828710335,0.13871084010397894,0.13871084010397894,0.010862762401721487,0.010862762401721487,500,-12.76938912720733,20000,95.67978978157043,ff8977fd9f29a19d18903c3ce52d1a010a064d6b,2026-06-01T00:06:01.560196+00:00,2026-06-01T00:07:37.240035+00:00
results/revision/revision_fd_natural_20260601_cluster/revision_fd_natural_20260601_cluster__method-qnspsa_fd__ansatz-RealAmplitudes__n-6__h-2p0__seed-2,qnspsa_fd,QN-SPSA+FD,6,2.0,1.0,RealAmplitudes,2,reverse_linear,500,0.01,,2,-12.594411804373575,-12.594411804373575,0.17497732283375456,0.17497732283375456,0.013702873417878382,0.013702873417878382,500,-12.76938912720733,20000,90.0824875831604,ff8977fd9f29a19d18903c3ce52d1a010a064d6b,2026-06-01T00:06:01.590090+00:00,2026-06-01T00:07:31.672648+00:00
results/revision/revision_fd_natural_20260601_cluster/revision_fd_natural_20260601_cluster__method-qnspsa_fd__ansatz-RealAmplitudes__n-6__h-2p0__seed-3,qnspsa_fd,QN-SPSA+FD,6,2.0,1.0,RealAmplitudes,2,reverse_linear,500,0.01,,3,-12.612921712002693,-12.612921712002693,0.15646741520463614,0.15646741520463614,0.012253320315163395,0.012253320315163395,500,-12.76938912720733,20000,92.40209770202637,ff8977fd9f29a19d18903c3ce52d1a010a064d6b,2026-06-01T00:07:09.446832+00:00,2026-06-01T00:08:41.848996+00:00
results/revision/revision_fd_natural_20260601_cluster/revision_fd_natural_20260601_cluster__method-qnspsa_fd__ansatz-RealAmplitudes__n-6__h-2p0__seed-4,qnspsa_fd,QN-SPSA+FD,6,2.0,1.0,RealAmplitudes,2,reverse_linear,500,0.01,,4,-12.63324776063217,-12.63324776063217,0.13614136657515985,0.13614136657515985,0.010661541066603396,0.010661541066603396,500,-12.76938912720733,20000,91.58084416389465,ff8977fd9f29a19d18903c3ce52d1a010a064d6b,2026-06-01T00:07:20.783007+00:00,2026-06-01T00:08:52.363928+00:00
results/revision/revision_fd_natural_20260601_cluster/revision_fd_natural_20260601_cluster__method-qnspsa_fd__ansatz-RealAmplitudes__n-6__h-2p0__seed-5,qnspsa_fd,QN-SPSA+FD,6,2.0,1.0,RealAmplitudes,2,reverse_linear,500,0.01,,5,-12.633978737150786,-12.633978737150786,0.13541039005654376,0.13541039005654376,0.01060429662747368,0.01060429662747368,500,-12.76938912720733,20000,91.79588413238525,ff8977fd9f29a19d18903c3ce52d1a010a064d6b,2026-06-01T00:07:34.432683+00:00,2026-06-01T00:09:06.228631+00:00
results/revision/revision_fd_natural_20260601_cluster/revision_fd_natural_20260601_cluster__method-qnspsa_fd__ansatz-RealAmplitudes__n-6__h-2p0__seed-6,qnspsa_fd,QN-SPSA+FD,6,2.0,1.0,RealAmplitudes,2,reverse_linear,500,0.01,,6,-12.319068295323355,-12.319068295323355,0.45032083188397465,0.45032083188397465,0.03526565189594626,0.03526565189594626,500,-12.76938912720733,20000,95.90368890762329,ff8977fd9f29a19d18903c3ce52d1a010a064d6b,2026-06-01T00:07:36.020713+00:00,2026-06-01T00:09:11.924443+00:00
results/revision/revision_fd_natural_20260601_cluster/revision_fd_natural_20260601_cluster__method-qnspsa_fd__ansatz-RealAmplitudes__n-7__h-2p0__seed-0,qnspsa_fd,QN-SPSA+FD,7,2.0,1.0,RealAmplitudes,2,reverse_linear,500,0.01,,0,-14.732067112538882,-14.732067112538882,0.16069218716558709,0.16069218716558709,0.010789953958953453,0.010789953958953453,500,-14.892759299704469,23000,106.49195599555969,ff8977fd9f29a19d18903c3ce52d1a010a064d6b,2026-06-01T00:07:37.015924+00:00,2026-06-01T00:09:23.507935+00:00
results/revision/revision_fd_natural_20260601_cluster/revision_fd_natural_20260601_cluster__method-qnspsa_fd__ansatz-RealAmplitudes__n-7__h-2p0__seed-1,qnspsa_fd,QN-SPSA+FD,7,2.0,1.0,RealAmplitudes,2,reverse_linear,500,0.01,,1,-14.735160473024768,-14.735160473024768,0.15759882667970082,0.15759882667970082,0.01058224493582114,0.01058224493582114,500,-14.892759299704469,23000,111.09167289733887,ff8977fd9f29a19d18903c3ce52d1a010a064d6b,2026-06-01T00:07:41.033476+00:00,2026-06-01T00:09:32.125219+00:00
results/revision/revision_fd_natural_20260601_cluster/revision_fd_natural_20260601_cluster__method-qnspsa_fd__ansatz-RealAmplitudes__n-7__h-2p0__seed-2,qnspsa_fd,QN-SPSA+FD,7,2.0,1.0,RealAmplitudes,2,reverse_linear,500,0.01,,2,-14.757879966336741,-14.757879966336741,0.13487933336772784,0.13487933336772784,0.009056705386382253,0.009056705386382253,500,-14.892759299704469,23000,108.93957495689392,ff8977fd9f29a19d18903c3ce52d1a010a064d6b,2026-06-01T00:07:57.057244+00:00,2026-06-01T00:09:45.996879+00:00
results/revision/revision_fd_natural_20260601_cluster/revision_fd_natural_20260601_cluster__method-qnspsa_fd__ansatz-RealAmplitudes__n-7__h-2p0__seed-3,qnspsa_fd,QN-SPSA+FD,7,2.0,1.0,RealAmplitudes,2,reverse_linear,500,0.01,,3,-14.361394456839037,-14.361394456839037,0.5313648428654325,0.5313648428654325,0.03567940850799736,0.03567940850799736,500,-14.892759299704469,23000,104.00043487548828,ff8977fd9f29a19d18903c3ce52d1a010a064d6b,2026-06-01T00:08:23.526750+00:00,2026-06-01T00:10:07.527237+00:00
results/revision/revision_fd_natural_20260601_cluster/revision_fd_natural_20260601_cluster__method-qnspsa_fd__ansatz-RealAmplitudes__n-7__h-2p0__seed-4,qnspsa_fd,QN-SPSA+FD,7,2.0,1.0,RealAmplitudes,2,reverse_linear,500,0.01,,4,-14.754837963290885,-14.754837963290885,0.13792133641358362,0.13792133641358362,0.009260965925657613,0.009260965925657613,500,-14.892759299704469,23000,105.69025444984436,ff8977fd9f29a19d18903c3ce52d1a010a064d6b,2026-06-01T00:08:44.237941+00:00,2026-06-01T00:10:29.928254+00:00
results/revision/revision_fd_natural_20260601_cluster/revision_fd_natural_20260601_cluster__method-qnspsa_fd__ansatz-RealAmplitudes__n-7__h-2p0__seed-5,qnspsa_fd,QN-SPSA+FD,7,2.0,1.0,RealAmplitudes,2,reverse_linear,500,0.01,,5,-14.741266799228175,-14.741266799228175,0.15149250047629437,0.15149250047629437,0.01017222513488824,0.01017222513488824,500,-14.892759299704469,23000,103.97614645957947,ff8977fd9f29a19d18903c3ce52d1a010a064d6b,2026-06-01T00:08:55.702844+00:00,2026-06-01T00:10:39.679053+00:00
results/revision/revision_fd_natural_20260601_cluster/revision_fd_natural_20260601_cluster__method-qnspsa_fd__ansatz-RealAmplitudes__n-7__h-2p0__seed-6,qnspsa_fd,QN-SPSA+FD,7,2.0,1.0,RealAmplitudes,2,reverse_linear,500,0.01,,6,-14.75704902399046,-14.75704902399046,0.1357102757140094,0.1357102757140094,0.009112500442863025,0.009112500442863025,500,-14.892759299704469,23000,102.82350468635559,ff8977fd9f29a19d18903c3ce52d1a010a064d6b,2026-06-01T00:09:01.498847+00:00,2026-06-01T00:10:44.322436+00:00
results/revision/revision_fd_natural_20260601_cluster/revision_fd_natural_20260601_cluster__method-qnspsa_fd__ansatz-RealAmplitudes__n-8__h-2p0__seed-0,qnspsa_fd,QN-SPSA+FD,8,2.0,1.0,RealAmplitudes,2,reverse_linear,500,0.01,,0,-16.87412802711976,-16.87412802711976,0.14403644316077902,0.14403644316077902,0.008463688514252832,0.008463688514252832,500,-17.01816447028054,26000,125.63468027114868,ff8977fd9f29a19d18903c3ce52d1a010a064d6b,2026-06-01T00:09:08.587606+00:00,2026-06-01T00:11:14.222340+00:00
results/revision/revision_fd_natural_20260601_cluster/revision_fd_natural_20260601_cluster__method-qnspsa_fd__ansatz-RealAmplitudes__n-8__h-2p0__seed-1,qnspsa_fd,QN-SPSA+FD,8,2.0,1.0,RealAmplitudes,2,reverse_linear,500,0.01,,1,-16.248926752689492,-16.248926752689492,0.7692377175910465,0.7692377175910465,0.045200980336886236,0.045200980336886236,500,-17.01816447028054,26000,128.96621346473694,ff8977fd9f29a19d18903c3ce52d1a010a064d6b,2026-06-01T00:09:14.077937+00:00,2026-06-01T00:11:23.044211+00:00
results/revision/revision_fd_natural_20260601_cluster/revision_fd_natural_20260601_cluster__method-qnspsa_fd__ansatz-RealAmplitudes__n-8__h-2p0__seed-2,qnspsa_fd,QN-SPSA+FD,8,2.0,1.0,RealAmplitudes,2,reverse_linear,500,0.01,,2,-14.60884862979574,-14.60884862979574,2.4093158404847994,2.4093158404847994,0.1415731904984394,0.1415731904984394,500,-17.01816447028054,26000,120.89941596984863,ff8977fd9f29a19d18903c3ce52d1a010a064d6b,2026-06-01T00:09:26.995431+00:00,2026-06-01T00:11:27.894918+00:00
results/revision/revision_fd_natural_20260601_cluster/revision_fd_natural_20260601_cluster__method-qnspsa_fd__ansatz-RealAmplitudes__n-8__h-2p0__seed-3,qnspsa_fd,QN-SPSA+FD,8,2.0,1.0,RealAmplitudes,2,reverse_linear,500,0.01,,3,-16.881640502840376,-16.881640502840376,0.13652396744016215,0.13652396744016215,0.008022249854182517,0.008022249854182517,500,-17.01816447028054,26000,124.85064315795898,ff8977fd9f29a19d18903c3ce52d1a010a064d6b,2026-06-01T00:09:34.607481+00:00,2026-06-01T00:11:39.458182+00:00
results/revision/revision_fd_natural_20260601_cluster/revision_fd_natural_20260601_cluster__method-qnspsa_fd__ansatz-RealAmplitudes__n-8__h-2p0__seed-4,qnspsa_fd,QN-SPSA+FD,8,2.0,1.0,RealAmplitudes,2,reverse_linear,500,0.01,,4,-16.842260343755143,-16.842260343755143,0.17590412652539555,0.17590412652539555,0.0103362572874756,0.0103362572874756,500,-17.01816447028054,26000,122.015620470047,ff8977fd9f29a19d18903c3ce52d1a010a064d6b,2026-06-01T00:09:49.605624+00:00,2026-06-01T00:11:51.621333+00:00
results/revision/revision_fd_natural_20260601_cluster/revision_fd_natural_20260601_cluster__method-qnspsa_fd__ansatz-RealAmplitudes__n-8__h-2p0__seed-5,qnspsa_fd,QN-SPSA+FD,8,2.0,1.0,RealAmplitudes,2,reverse_linear,500,0.01,,5,-16.863163611877365,-16.863163611877365,0.15500085840317368,0.15500085840317368,0.009107965707691774,0.009107965707691774,500,-17.01816447028054,26000,121.01178216934204,ff8977fd9f29a19d18903c3ce52d1a010a064d6b,2026-06-01T00:09:49.708391+00:00,2026-06-01T00:11:50.720224+00:00
results/revision/revision_fd_natural_20260601_cluster/revision_fd_natural_20260601_cluster__method-qnspsa_fd__ansatz-RealAmplitudes__n-8__h-2p0__seed-6,qnspsa_fd,QN-SPSA+FD,8,2.0,1.0,RealAmplitudes,2,reverse_linear,500,0.01,,6,-16.47547178187183,-16.47547178187183,0.5426926884087102,0.5426926884087102,0.031889025949680704,0.031889025949680704,500,-17.01816447028054,26000,123.01502346992493,ff8977fd9f29a19d18903c3ce52d1a010a064d6b,2026-06-01T00:10:09.758888+00:00,2026-06-01T00:12:12.773966+00:00
results/revision/revision_fd_natural_20260601_cluster/revision_fd_natural_20260601_cluster__method-qnspsa_fd__ansatz-RealAmplitudes__n-9__h-2p0__seed-0,qnspsa_fd,QN-SPSA+FD,9,2.0,1.0,RealAmplitudes,2,reverse_linear,500,0.01,,0,-19.004137667783205,-19.004137667783205,0.1403419040962426,0.1403419040962426,0.007330672195570421,0.007330672195570421,500,-19.144479571879447,29000,155.94760632514954,ff8977fd9f29a19d18903c3ce52d1a010a064d6b,2026-06-01T00:10:32.383226+00:00,2026-06-01T00:13:08.330893+00:00
results/revision/revision_fd_natural_20260601_cluster/revision_fd_natural_20260601_cluster__method-qnspsa_fd__ansatz-RealAmplitudes__n-9__h-2p0__seed-1,qnspsa_fd,QN-SPSA+FD,9,2.0,1.0,RealAmplitudes,2,reverse_linear,500,0.01,,1,-19.00249828974553,-19.00249828974553,0.1419812821339157,0.1419812821339157,0.007416304089167629,0.007416304089167629,500,-19.144479571879447,29000,156.3618791103363,ff8977fd9f29a19d18903c3ce52d1a010a064d6b,2026-06-01T00:10:42.051608+00:00,2026-06-01T00:13:18.413540+00:00
results/revision/revision_fd_natural_20260601_cluster/revision_fd_natural_20260601_cluster__method-qnspsa_fd__ansatz-RealAmplitudes__n-9__h-2p0__seed-2,qnspsa_fd,QN-SPSA+FD,9,2.0,1.0,RealAmplitudes,2,reverse_linear,500,0.01,,2,-18.99765472776745,-18.99765472776745,0.1468248441119968,0.1468248441119968,0.0076693045408067345,0.0076693045408067345,500,-19.144479571879447,29000,158.74585366249084,ff8977fd9f29a19d18903c3ce52d1a010a064d6b,2026-06-01T00:10:46.641942+00:00,2026-06-01T00:13:25.387851+00:00
results/revision/revision_fd_natural_20260601_cluster/revision_fd_natural_20260601_cluster__method-qnspsa_fd__ansatz-RealAmplitudes__n-9__h-2p0__seed-3,qnspsa_fd,QN-SPSA+FD,9,2.0,1.0,RealAmplitudes,2,reverse_linear,500,0.01,,3,-18.996373535928573,-18.996373535928573,0.14810603595087457,0.14810603595087457,0.00773622680077559,0.00773622680077559,500,-19.144479571879447,29000,157.16253972053528,ff8977fd9f29a19d18903c3ce52d1a010a064d6b,2026-06-01T00:11:17.813077+00:00,2026-06-01T00:13:54.975670+00:00
results/revision/revision_fd_natural_20260601_cluster/revision_fd_natural_20260601_cluster__method-qnspsa_fd__ansatz-RealAmplitudes__n-9__h-2p0__seed-4,qnspsa_fd,QN-SPSA+FD,9,2.0,1.0,RealAmplitudes,2,reverse_linear,500,0.01,,4,-18.963541930319092,-18.963541930319092,0.1809376415603552,0.1809376415603552,0.009451165328418077,0.009451165328418077,500,-19.144479571879447,29000,149.1999228000641,ff8977fd9f29a19d18903c3ce52d1a010a064d6b,2026-06-01T00:11:25.541620+00:00,2026-06-01T00:13:54.741617+00:00
results/revision/revision_fd_natural_20260601_cluster/revision_fd_natural_20260601_cluster__method-qnspsa_fd__ansatz-RealAmplitudes__n-9__h-2p0__seed-5,qnspsa_fd,QN-SPSA+FD,9,2.0,1.0,RealAmplitudes,2,reverse_linear,500,0.01,,5,-18.7856169891814,-18.7856169891814,0.35886258269804827,0.35886258269804827,0.018744964121415294,0.018744964121415294,500,-19.144479571879447,29000,161.43875217437744,ff8977fd9f29a19d18903c3ce52d1a010a064d6b,2026-06-01T00:11:30.342419+00:00,2026-06-01T00:14:11.781221+00:00
results/revision/revision_fd_natural_20260601_cluster/revision_fd_natural_20260601_cluster__method-qnspsa_fd__ansatz-RealAmplitudes__n-9__h-2p0__seed-6,qnspsa_fd,QN-SPSA+FD,9,2.0,1.0,RealAmplitudes,2,reverse_linear,500,0.01,,6,-18.882858423781876,-18.882858423781876,0.2616211480975714,0.2616211480975714,0.013665618180702919,0.013665618180702919,500,-19.144479571879447,29000,149.8322298526764,ff8977fd9f29a19d18903c3ce52d1a010a064d6b,2026-06-01T00:11:42.024710+00:00,2026-06-01T00:14:11.856995+00:00
